{
  "Logistic Regression": {
    "Model": "Logistic Regression",
    "Acc": 0.33009079118028534,
    "MP": 0.29717149379533025,
    "MR": 0.37200288493884043,
    "MF1": 0.30346989127878393,
    "WF1": 0.3560480047401328,
    "WP": 0.4665363813658542,
    "WR": 0.33009079118028534,
    "Time": 8.85050344467163
  },
  "KNN (k=15)": {
    "Model": "KNN (k=15)",
    "Acc": 0.20622568093385213,
    "MP": 0.24469349796906223,
    "MR": 0.2969104413582003,
    "MF1": 0.22392686930434344,
    "WF1": 0.2221941140392555,
    "WP": 0.44552950764701094,
    "WR": 0.20622568093385213,
    "Time": 0.05281519889831543
  },
  "SVM (Linear)": {
    "Model": "SVM (Linear)",
    "Acc": 0.29831387808041504,
    "MP": 0.291869774074888,
    "MR": 0.3708830373440687,
    "MF1": 0.2898081670771143,
    "WF1": 0.3226481368218826,
    "WP": 0.4732994555849662,
    "WR": 0.29831387808041504,
    "Time": 16.419217586517334
  },
  "Decision Tree": {
    "Model": "Decision Tree",
    "Acc": 0.44228274967574577,
    "MP": 0.3731577677892328,
    "MR": 0.407849264118925,
    "MF1": 0.3829443916892638,
    "WF1": 0.46104257152514544,
    "WP": 0.5002494553852519,
    "WR": 0.44228274967574577,
    "Time": 2.5880589485168457
  },
  "Random Forest": {
    "Model": "Random Forest",
    "Acc": 0.5687418936446174,
    "MP": 0.52065770774764,
    "MR": 0.48959946045407055,
    "MF1": 0.49591501470317406,
    "WF1": 0.5669484360729221,
    "WP": 0.5768955067860791,
    "WR": 0.5687418936446174,
    "Time": 5.141127109527588
  },
  "Extra Trees": {
    "Model": "Extra Trees",
    "Acc": 0.5155642023346303,
    "MP": 0.432305854606977,
    "MR": 0.4151482978296528,
    "MF1": 0.4157842668171097,
    "WF1": 0.5042285263529467,
    "WP": 0.5055884553854287,
    "WR": 0.5155642023346303,
    "Time": 1.8203043937683105
  },
  "HistGradient Boosting": {
    "Model": "HistGradient Boosting",
    "Acc": 0.6316472114137484,
    "MP": 0.5709029611837869,
    "MR": 0.4878706259501107,
    "MF1": 0.5152958541202256,
    "WF1": 0.6170965410259749,
    "WP": 0.6185557176386534,
    "WR": 0.6316472114137484,
    "Time": 24.373767614364624
  },
  "XGBoost": {
    "Model": "XGBoost",
    "Acc": 0.6271076523994812,
    "MP": 0.5641594417551761,
    "MR": 0.5178315306611285,
    "MF1": 0.5308337421145105,
    "WF1": 0.6169786331284853,
    "WP": 0.6203425297643383,
    "WR": 0.6271076523994812,
    "Time": 33.68553566932678
  },
  "LightGBM": {
    "Model": "LightGBM",
    "Acc": 0.6348897535667963,
    "MP": 0.5611450818678406,
    "MR": 0.5197109856605683,
    "MF1": 0.5317075886766477,
    "WF1": 0.6241145916840635,
    "WP": 0.6252844328212742,
    "WR": 0.6348897535667963,
    "Time": 29.944639682769775
  },
  "CatBoost": {
    "Model": "CatBoost",
    "Acc": 0.5622568093385214,
    "MP": 0.4971028246576082,
    "MR": 0.47981759807048346,
    "MF1": 0.4812103073940048,
    "WF1": 0.5620632241397893,
    "WP": 0.5689771357747353,
    "WR": 0.5622568093385214,
    "Time": 111.99072170257568
  },
  "MLP Neural Net": {
    "Model": "MLP Neural Net",
    "Acc": 0.4409857328145266,
    "MP": 0.3710460326276612,
    "MR": 0.33059420326729444,
    "MF1": 0.34046067161968363,
    "WF1": 0.4361513897180142,
    "WP": 0.4395715293635676,
    "WR": 0.4409857328145266,
    "Time": 37.917534589767456
  },
  "XGBoost (Tuned)": {
    "Model": "XGBoost (Tuned)",
    "Acc": 0.6173800259403373,
    "MP": 0.5370458394113832,
    "MR": 0.5035446370734554,
    "MF1": 0.5134569396590642,
    "WF1": 0.6077687693761904,
    "WP": 0.6077671795653556,
    "WR": 0.6173800259403373,
    "Time": 27.74648642539978
  },
  "LightGBM (Tuned)": {
    "Model": "LightGBM (Tuned)",
    "Acc": 0.01232166018158236,
    "MP": 0.005966171491679315,
    "MR": 0.04126623376623376,
    "MF1": 0.007497283152003639,
    "WF1": 0.00301659516595336,
    "WP": 0.0024574278849176737,
    "WR": 0.01232166018158236,
    "Time": 7.318428993225098
  },
  "CatBoost (Tuned)": {
    "Model": "CatBoost (Tuned)",
    "Acc": 0.5265888456549935,
    "MP": 0.4612692760523902,
    "MR": 0.41270516188374584,
    "MF1": 0.4263824794202117,
    "WF1": 0.517260655875877,
    "WP": 0.5175677275405103,
    "WR": 0.5265888456549935,
    "Time": 401.45023703575134
  },
  "_tuned": {
    "XGBoost": {
      "n_estimators": 250,
      "max_depth": 12,
      "learning_rate": 0.1205712628744377,
      "subsample": 0.8394633936788146,
      "colsample_bytree": 0.6624074561769746,
      "min_child_weight": 2,
      "reg_alpha": 2.9152036385288193e-08,
      "reg_lambda": 0.08499808989182997
    },
    "LightGBM": {
      "n_estimators": 383,
      "max_depth": 3,
      "learning_rate": 0.2708160864249968,
      "subsample": 0.9329770563201687,
      "colsample_bytree": 0.6849356442713105,
      "num_leaves": 58,
      "min_child_samples": 13,
      "reg_alpha": 2.716051144654844e-06,
      "reg_lambda": 0.00015777981883364995
    },
    "CatBoost": {
      "iterations": 250,
      "depth": 10,
      "learning_rate": 0.1205712628744377,
      "l2_leaf_reg": 0.6251373574521749
    }
  },
  "_cv": {
    "Logistic Regression": {
      "mean": 0.3427,
      "std": 0.0101
    },
    "Random Forest": {
      "mean": 0.5149,
      "std": 0.009
    },
    "XGBoost": {
      "mean": 0.5429,
      "std": 0.0138
    },
    "LightGBM": {
      "mean": 0.552,
      "std": 0.021
    },
    "CatBoost": {
      "mean": 0.4641,
      "std": 0.0104
    }
  },
  "_best": "LightGBM"
}