{
  "best_model": "XGBoost",
  "metrics": {
    "accuracy": 0.5816080885893115,
    "f1_macro": 0.5591669743438811,
    "f1_weighted": 0.5808439272094551,
    "final_train_accuracy": 0.9994221323316961
  },
  "n_classes": 8,
  "n_features": 163,
  "n_samples": 10383,
  "genre_distribution": {
    "Other": 2221,
    "Rock": 2212,
    "Pop": 2053,
    "Country & Folk": 1129,
    "R&B / Soul": 971,
    "Traditional / Standards": 880,
    "Hip Hop": 588,
    "Metal": 329
  }
}